-- phpMyAdmin SQL Dump
-- version 3.5.1
-- http://www.phpmyadmin.net
--
-- Хост: 127.0.0.1
-- Время создания: Июн 03 2015 г., 16:08
-- Версия сервера: 5.5.25
-- Версия PHP: 5.3.13

SET SQL_MODE="NO_AUTO_VALUE_ON_ZERO";
SET time_zone = "+00:00";


/*!40101 SET @OLD_CHARACTER_SET_CLIENT=@@CHARACTER_SET_CLIENT */;
/*!40101 SET @OLD_CHARACTER_SET_RESULTS=@@CHARACTER_SET_RESULTS */;
/*!40101 SET @OLD_COLLATION_CONNECTION=@@COLLATION_CONNECTION */;
/*!40101 SET NAMES utf8 */;

--
-- База данных: `helloworld_product`
--

-- --------------------------------------------------------

--
-- Структура таблицы `exam_answers`
--

CREATE TABLE IF NOT EXISTS `exam_answers` (
  `id` int(11) NOT NULL AUTO_INCREMENT,
  `question_id` int(11) NOT NULL,
  `answer` varchar(1000) NOT NULL,
  `right` tinyint(1) NOT NULL,
  PRIMARY KEY (`id`)
) ENGINE=InnoDB  DEFAULT CHARSET=utf8 COMMENT='Ответы к вопросам' AUTO_INCREMENT=21 ;

--
-- Дамп данных таблицы `exam_answers`
--

INSERT INTO `exam_answers` (`id`, `question_id`, `answer`, `right`) VALUES
(1, 1, 'более 500 лет назад', 0),
(2, 1, 'от 400 до 500 лет назад', 0),
(3, 1, 'от 300 до 400 лет назад', 1),
(4, 1, 'от 300 до 200 лет назад', 0),
(5, 2, 'Удельным князем', 0),
(6, 2, 'Воеводой', 0),
(7, 2, 'Царем', 1),
(8, 2, 'Разбойником', 0),
(9, 3, 'Отменил институт боярства', 0),
(10, 3, 'Выиграл сражение на Куликовом поле', 0),
(11, 3, 'Присоединил Казань и Астрахань', 0),
(12, 3, 'Избавил Русь от татаро-монгольского ига', 1),
(13, 4, 'в 10 веке', 0),
(14, 4, 'в 11 веке', 1),
(15, 4, 'в 12 веке', 0),
(16, 4, 'в 13 веке', 0),
(17, 5, 'в 8 веке', 0),
(18, 5, 'в 9 веке', 0),
(19, 5, 'в 10 веке', 1),
(20, 5, 'в 11 веке', 0);

-- --------------------------------------------------------

--
-- Структура таблицы `exam_questions`
--

CREATE TABLE IF NOT EXISTS `exam_questions` (
  `id` int(11) NOT NULL AUTO_INCREMENT,
  `question` varchar(10000) NOT NULL,
  PRIMARY KEY (`id`)
) ENGINE=InnoDB  DEFAULT CHARSET=utf8 COMMENT='Вопросы тестирования' AUTO_INCREMENT=6 ;

--
-- Дамп данных таблицы `exam_questions`
--

INSERT INTO `exam_questions` (`id`, `question`) VALUES
(1, 'Как давно основан Петербург?'),
(2, 'Кем был Иван Грозный?'),
(3, 'Что сделал Иван III ?'),
(4, 'Когда была основана Рязань?'),
(5, 'Когда была крещена Русь?');

-- --------------------------------------------------------

--
-- Структура таблицы `exam_users`
--

CREATE TABLE IF NOT EXISTS `exam_users` (
  `id` int(11) NOT NULL AUTO_INCREMENT,
  `login` varchar(64) NOT NULL,
  `password` varchar(128) NOT NULL,
  `session_id` varchar(128) NOT NULL,
  `firstname` varchar(128) NOT NULL,
  `lastname` varchar(128) NOT NULL,
  `tested` tinyint(1) NOT NULL,
  PRIMARY KEY (`id`)
) ENGINE=InnoDB  DEFAULT CHARSET=utf8 AUTO_INCREMENT=17 ;

--
-- Дамп данных таблицы `exam_users`
--

INSERT INTO `exam_users` (`id`, `login`, `password`, `session_id`, `firstname`, `lastname`, `tested`) VALUES
(1, 'user01', '11bfebc7731ca3753fb7a8ee33c50d29bd61e784f4e1dd3ec2b758d3bc6cf1b1b46837bdeb52a11b58b2c2b2f017a84fe74dd5625ba89d12d9b0ecee5eda9353', '0fbb4ff93dbb49234ef5dc8d62eec0dd94b8b32ee6410a72c155d010e104e7b7e12d47050da80e205fd737bfdf7023f30a1877c7b46c7421c315c7dc143de440', 'user01', 'no family', 1),
(2, 'user02', '11bfebc7731ca3753fb7a8ee33c50d29bd61e784f4e1dd3ec2b758d3bc6cf1b1b46837bdeb52a11b58b2c2b2f017a84fe74dd5625ba89d12d9b0ecee5eda9353', 'e5715fca3c62bb71dd5b7ead89ee3411e0a85393dae3e029c536257fc76e5ca25eaf9ac1ea232850f6305e19fa1016f2d28b45f3e13c6998147bee2cefb68ed8', 'user02', 'no family', 1),
(3, 'user03', '11bfebc7731ca3753fb7a8ee33c50d29bd61e784f4e1dd3ec2b758d3bc6cf1b1b46837bdeb52a11b58b2c2b2f017a84fe74dd5625ba89d12d9b0ecee5eda9353', '28eefa9e72e558fb8827aade7bcd45a82bd41af298e69dcbdab530484d48deb4158735fb624363d3fc9cfee7a2b1041ad1fb7f943164032745592a538330a515', 'user03', 'fun family', 1),
(4, 'user04', '11bfebc7731ca3753fb7a8ee33c50d29bd61e784f4e1dd3ec2b758d3bc6cf1b1b46837bdeb52a11b58b2c2b2f017a84fe74dd5625ba89d12d9b0ecee5eda9353', '946ef1cadd7ff44c22c8c7118ff924be69da24ab8161e5eb3d724f55b88f686805fd9e6433b86877b220ea2ae250ca32bc73b6560a55560abd44f68117128cf3', 'user04', 'fun family', 0),
(5, 'user05', '11bfebc7731ca3753fb7a8ee33c50d29bd61e784f4e1dd3ec2b758d3bc6cf1b1b46837bdeb52a11b58b2c2b2f017a84fe74dd5625ba89d12d9b0ecee5eda9353', '67d1c2a479dc7a37b7a609182e25c4c2277cd54e2e888dca767144c9673f237f05e6055b2cbec63e362cf020e43dba652a2775f6fd30dd39fa030c5ad3c97e7d', 'user05', 'fun family', 1),
(10, 'user10', '11bfebc7731ca3753fb7a8ee33c50d29bd61e784f4e1dd3ec2b758d3bc6cf1b1b46837bdeb52a11b58b2c2b2f017a84fe74dd5625ba89d12d9b0ecee5eda9353', '0b18a3c6c8b7a32c24dd3b19a90fe75df30e3622532cafc8a5f0cf7d1d38b1905e0c048ea6ce2b530e3832acb859d39c134e051409aa7dedcbe5a3eb7c615afd', 'u', 'fun family', 1),
(11, 'user11', '11bfebc7731ca3753fb7a8ee33c50d29bd61e784f4e1dd3ec2b758d3bc6cf1b1b46837bdeb52a11b58b2c2b2f017a84fe74dd5625ba89d12d9b0ecee5eda9353', 'bde3f4cf066b9b8cad2e6764d8e7ebe63f7c2add29b06be168be59c5818715ea21fab109b3494c144f5cf0f976cebd3ac310f941cada0d31315d9fe360da756a', 'u', 'fun family', 1),
(12, 'user12', '11bfebc7731ca3753fb7a8ee33c50d29bd61e784f4e1dd3ec2b758d3bc6cf1b1b46837bdeb52a11b58b2c2b2f017a84fe74dd5625ba89d12d9b0ecee5eda9353', '0e75fb6e9291cc5526dd9a7c42301f5aeee7446a9bf3e3965e51a82294461ab88f9e8c86e783f7e9a5e0de6f5135b12123169750169b5b6c2abbe1be501f79f4', 'u', 'fun family', 0),
(13, 'user13', '11bfebc7731ca3753fb7a8ee33c50d29bd61e784f4e1dd3ec2b758d3bc6cf1b1b46837bdeb52a11b58b2c2b2f017a84fe74dd5625ba89d12d9b0ecee5eda9353', 'cab856a9bdd9d44a5defdcf44f79eb15a0a6b22094a485298dd9e35b05253a7c6770c1f3c702b10916358021b7bf0ee3ec2c0cd0e6e11b4223a76b86fb425471', 'User13', 'Family', 1),
(14, 'u', '11bfebc7731ca3753fb7a8ee33c50d29bd61e784f4e1dd3ec2b758d3bc6cf1b1b46837bdeb52a11b58b2c2b2f017a84fe74dd5625ba89d12d9b0ecee5eda9353', '3763a2d10bfe7ecdd529d12ec61cd7d841a3389119dacebeeae21a04abec5ef5152c71192d4830fbf8acdccdfdd36bb5defb1700aa114656b74388592469458e', 'u', '', 0),
(15, 'OlegK', '11bfebc7731ca3753fb7a8ee33c50d29bd61e784f4e1dd3ec2b758d3bc6cf1b1b46837bdeb52a11b58b2c2b2f017a84fe74dd5625ba89d12d9b0ecee5eda9353', '48bb007796a42efd2939524d786019943c77c08b00e936acfc7510da5ac67e0ada518bacd79bef373f2d94f7a4fe35481a03add531717fc6b7f2afa6799b488c', 'Oleg', 'K', 1),
(16, 'qw', '11bfebc7731ca3753fb7a8ee33c50d29bd61e784f4e1dd3ec2b758d3bc6cf1b1b46837bdeb52a11b58b2c2b2f017a84fe74dd5625ba89d12d9b0ecee5eda9353', '9703230e917576c85b64a2a118b788937dbd783844e8c0bf43bd0c3a4be6ad2ac54ec3da853d1807cf289dc900aa7cd7c28bf59901086c98b5409450259ee9be', 'qw', '', 1);

-- --------------------------------------------------------

--
-- Структура таблицы `exam_user_answers`
--

CREATE TABLE IF NOT EXISTS `exam_user_answers` (
  `id` int(11) NOT NULL AUTO_INCREMENT,
  `user_id` int(11) NOT NULL,
  `question_id` int(11) NOT NULL,
  `answer_id` int(11) NOT NULL,
  PRIMARY KEY (`id`),
  KEY `user` (`user_id`)
) ENGINE=InnoDB  DEFAULT CHARSET=utf8 COMMENT='Ответы пользователей' AUTO_INCREMENT=67 ;

--
-- Дамп данных таблицы `exam_user_answers`
--

INSERT INTO `exam_user_answers` (`id`, `user_id`, `question_id`, `answer_id`) VALUES
(17, 5, 1, 1),
(18, 5, 2, 8),
(19, 5, 3, 12),
(20, 5, 4, 16),
(21, 5, 5, 20),
(22, 1, 1, 4),
(23, 1, 2, 8),
(24, 1, 3, 12),
(25, 1, 4, 16),
(26, 3, 2, 7),
(27, 3, 3, 11),
(28, 3, 4, 16),
(29, 3, 5, 20),
(30, 2, 1, 4),
(31, 2, 2, 8),
(32, 2, 3, 12),
(33, 2, 4, 16),
(34, 2, 5, 20),
(35, 4, 1, 4),
(36, 4, 2, 8),
(37, 4, 3, 12),
(38, 4, 4, 16),
(39, 4, 5, 20),
(40, 1, 5, 20),
(41, 10, 1, 4),
(42, 10, 2, 8),
(43, 10, 3, 12),
(44, 10, 4, 16),
(45, 10, 5, 20),
(46, 3, 1, 4),
(47, 11, 1, 3),
(48, 11, 2, 6),
(49, 11, 3, 12),
(50, 11, 4, 14),
(51, 11, 5, 19),
(52, 13, 1, 3),
(53, 13, 2, 7),
(54, 13, 3, 12),
(55, 13, 4, 14),
(56, 13, 5, 19),
(57, 15, 1, 2),
(58, 15, 2, 7),
(59, 15, 3, 11),
(60, 15, 4, 14),
(61, 15, 5, 19),
(62, 16, 1, 1),
(63, 16, 2, 7),
(64, 16, 3, 12),
(65, 16, 4, 13),
(66, 16, 5, 19);

-- --------------------------------------------------------

--
-- Структура таблицы `gallery_log`
--

CREATE TABLE IF NOT EXISTS `gallery_log` (
  `id_log` int(11) NOT NULL AUTO_INCREMENT,
  `time` timestamp NULL DEFAULT NULL,
  `ip` varchar(15) NOT NULL,
  `msg` varchar(256) NOT NULL,
  PRIMARY KEY (`id_log`)
) ENGINE=InnoDB  DEFAULT CHARSET=utf8 AUTO_INCREMENT=139 ;

--
-- Дамп данных таблицы `gallery_log`
--

INSERT INTO `gallery_log` (`id_log`, `time`, `ip`, `msg`) VALUES
(1, '2014-09-02 09:34:18', '127.0.0.1', 'Список показан'),
(2, '2014-09-02 09:34:19', '127.0.0.1', 'Список показан'),
(3, '2014-09-02 09:34:19', '127.0.0.1', 'Список показан'),
(4, '2014-09-02 09:34:19', '127.0.0.1', 'Список показан'),
(5, '2014-09-02 09:34:19', '127.0.0.1', 'Список показан'),
(6, '2014-09-09 12:52:33', '127.0.0.1', 'Список показан'),
(7, '2014-09-09 15:30:25', '127.0.0.1', 'Список показан'),
(8, '2014-09-09 15:31:00', '127.0.0.1', 'Список показан'),
(9, '2014-09-09 15:31:08', '127.0.0.1', 'Список показан'),
(10, '2014-09-09 15:31:13', '127.0.0.1', 'Задача выполнена'),
(11, '2014-09-09 15:31:13', '127.0.0.1', 'Список показан'),
(12, '2014-09-09 15:31:30', '127.0.0.1', 'Новая задача'),
(13, '2014-09-09 15:31:30', '127.0.0.1', 'Список показан'),
(14, '2014-09-09 15:48:33', '127.0.0.1', 'Список показан'),
(15, '2014-09-09 15:53:23', '127.0.0.1', 'Список показан'),
(16, '2014-09-09 15:53:57', '127.0.0.1', 'Задача выполнена'),
(17, '2014-09-09 15:53:57', '127.0.0.1', 'Список показан'),
(18, '2014-09-09 16:02:00', '127.0.0.1', 'Список показан'),
(19, '2014-09-09 16:02:11', '127.0.0.1', 'Задача выполнена'),
(20, '2014-09-09 17:04:55', '127.0.0.1', 'Список показан'),
(21, '2014-09-09 17:06:16', '127.0.0.1', 'Список показан'),
(22, '2014-09-09 17:06:18', '127.0.0.1', 'Список показан'),
(23, '2014-09-09 17:06:43', '127.0.0.1', 'Новая задача'),
(24, '2014-09-09 17:06:43', '127.0.0.1', 'Список показан'),
(25, '2014-09-09 17:35:17', '127.0.0.1', 'Новая задача'),
(26, '2014-09-09 17:35:17', '127.0.0.1', 'Список показан'),
(27, '2014-09-09 18:01:37', '127.0.0.1', 'Список показан'),
(28, '2014-09-09 18:01:44', '127.0.0.1', 'Список показан'),
(29, '2014-09-09 18:02:57', '127.0.0.1', 'Новая задача'),
(30, '2014-09-09 18:02:57', '127.0.0.1', 'Список показан'),
(31, '2014-09-09 18:03:13', '127.0.0.1', 'Список показан'),
(32, '2014-09-09 18:05:25', '127.0.0.1', 'Новая задача'),
(33, '2014-09-09 18:05:26', '127.0.0.1', 'Список показан'),
(34, '2014-09-09 18:05:53', '127.0.0.1', 'Список показан'),
(35, '2014-09-09 18:05:59', '127.0.0.1', 'Задача выполнена'),
(36, '2014-09-09 18:05:59', '127.0.0.1', 'Список показан'),
(37, '2014-09-09 18:06:08', '127.0.0.1', 'Новая задача'),
(38, '2014-09-09 18:06:08', '127.0.0.1', 'Список показан'),
(39, '2014-09-09 18:06:10', '127.0.0.1', 'Задача выполнена'),
(40, '2014-09-09 18:06:11', '127.0.0.1', 'Список показан'),
(41, '2014-09-09 18:08:22', '127.0.0.1', 'Новая задача'),
(42, '2014-09-09 18:08:22', '127.0.0.1', 'Список показан'),
(43, '2014-09-09 18:16:52', '127.0.0.1', 'Список показан'),
(44, '2014-09-09 18:17:17', '127.0.0.1', 'Список показан'),
(45, '2014-09-09 18:17:27', '127.0.0.1', 'Список показан'),
(46, '2014-09-09 18:17:28', '127.0.0.1', 'Список показан'),
(47, '2014-09-09 18:17:29', '127.0.0.1', 'Список показан'),
(48, '2014-09-09 18:17:29', '127.0.0.1', 'Список показан'),
(49, '2014-09-09 18:17:29', '127.0.0.1', 'Список показан'),
(50, '2014-09-09 18:17:30', '127.0.0.1', 'Список показан'),
(51, '2014-09-09 18:17:30', '127.0.0.1', 'Список показан'),
(52, '2014-09-09 18:17:34', '127.0.0.1', 'Список показан'),
(53, '2014-09-09 18:17:34', '127.0.0.1', 'Список показан'),
(54, '2014-09-09 18:17:34', '127.0.0.1', 'Список показан'),
(55, '2014-09-09 18:17:34', '127.0.0.1', 'Список показан'),
(56, '2014-09-09 18:18:14', '127.0.0.1', 'Список показан'),
(57, '2014-09-09 18:18:18', '127.0.0.1', 'Задача выполнена'),
(58, '2014-09-09 18:18:18', '127.0.0.1', 'Список показан'),
(59, '2014-09-09 18:18:26', '127.0.0.1', 'Новая задача'),
(60, '2014-09-09 18:18:26', '127.0.0.1', 'Список показан'),
(61, '2014-09-09 18:19:23', '127.0.0.1', 'Список показан'),
(62, '2014-09-09 18:19:28', '127.0.0.1', 'Список показан'),
(63, '2015-05-29 01:29:33', '127.0.0.1', 'Список показан'),
(64, '2015-05-29 01:29:40', '127.0.0.1', 'Задача выполнена'),
(65, '2015-05-29 01:29:40', '127.0.0.1', 'Список показан'),
(66, '2015-05-29 01:29:50', '127.0.0.1', 'Список показан'),
(67, '2015-05-29 01:29:51', '127.0.0.1', 'Список показан'),
(68, '2015-05-29 01:29:52', '127.0.0.1', 'Список показан'),
(69, '2015-05-29 01:29:52', '127.0.0.1', 'Список показан'),
(70, '2015-05-29 01:29:53', '127.0.0.1', 'Список показан'),
(71, '2015-05-29 01:29:53', '127.0.0.1', 'Список показан'),
(72, '2015-05-29 01:29:54', '127.0.0.1', 'Список показан'),
(73, '2015-05-29 01:29:55', '127.0.0.1', 'Список показан'),
(74, '2015-05-29 01:29:55', '127.0.0.1', 'Список показан'),
(75, '2015-05-29 01:29:56', '127.0.0.1', 'Список показан'),
(76, '2015-05-29 01:29:56', '127.0.0.1', 'Список показан'),
(77, '2015-05-29 01:29:57', '127.0.0.1', 'Список показан'),
(78, '2015-05-29 01:29:57', '127.0.0.1', 'Список показан'),
(79, '2015-05-29 01:29:58', '127.0.0.1', 'Список показан'),
(80, '2015-05-29 01:29:58', '127.0.0.1', 'Список показан'),
(81, '2015-05-29 01:29:59', '127.0.0.1', 'Список показан'),
(82, '2015-05-29 01:29:59', '127.0.0.1', 'Список показан'),
(83, '2015-05-29 01:30:00', '127.0.0.1', 'Список показан'),
(84, '2015-05-29 01:30:00', '127.0.0.1', 'Список показан'),
(85, '2015-05-29 01:30:01', '127.0.0.1', 'Список показан'),
(86, '2015-05-29 01:30:02', '127.0.0.1', 'Список показан'),
(87, '2015-05-29 01:30:02', '127.0.0.1', 'Список показан'),
(88, '2015-05-29 01:30:03', '127.0.0.1', 'Список показан'),
(89, '2015-05-29 01:30:04', '127.0.0.1', 'Список показан'),
(90, '2015-05-29 01:30:05', '127.0.0.1', 'Список показан'),
(91, '2015-05-29 01:30:05', '127.0.0.1', 'Список показан'),
(92, '2015-05-29 01:30:06', '127.0.0.1', 'Список показан'),
(93, '2015-05-29 01:30:06', '127.0.0.1', 'Список показан'),
(94, '2015-05-29 01:30:07', '127.0.0.1', 'Список показан'),
(95, '2015-05-29 01:30:08', '127.0.0.1', 'Список показан'),
(96, '2015-05-29 01:30:08', '127.0.0.1', 'Список показан'),
(97, '2015-05-29 01:30:09', '127.0.0.1', 'Список показан'),
(98, '2015-05-29 01:30:10', '127.0.0.1', 'Список показан'),
(99, '2015-05-29 01:30:10', '127.0.0.1', 'Список показан'),
(100, '2015-05-29 01:30:11', '127.0.0.1', 'Список показан'),
(101, '2015-05-29 01:30:12', '127.0.0.1', 'Список показан'),
(102, '2015-05-29 01:30:13', '127.0.0.1', 'Список показан'),
(103, '2015-05-29 01:30:13', '127.0.0.1', 'Список показан'),
(104, '2015-05-29 01:30:14', '127.0.0.1', 'Список показан'),
(105, '2015-05-29 01:30:15', '127.0.0.1', 'Список показан'),
(106, '2015-05-29 01:30:15', '127.0.0.1', 'Список показан'),
(107, '2015-05-29 01:30:16', '127.0.0.1', 'Список показан'),
(108, '2015-05-29 01:30:16', '127.0.0.1', 'Список показан'),
(109, '2015-05-29 01:30:17', '127.0.0.1', 'Список показан'),
(110, '2015-05-29 01:30:17', '127.0.0.1', 'Список показан'),
(111, '2015-05-29 01:30:17', '127.0.0.1', 'Список показан'),
(112, '2015-05-29 01:30:45', '127.0.0.1', 'Список показан'),
(113, '2015-05-29 01:30:48', '127.0.0.1', 'Список показан'),
(114, '2015-05-29 01:30:49', '127.0.0.1', 'Новая задача'),
(115, '2015-05-29 01:30:49', '127.0.0.1', 'Список показан'),
(116, '2015-05-29 01:30:50', '127.0.0.1', 'Новая задача'),
(117, '2015-05-29 01:30:50', '127.0.0.1', 'Список показан'),
(118, '2015-05-29 01:30:51', '127.0.0.1', 'Новая задача'),
(119, '2015-05-29 01:30:51', '127.0.0.1', 'Список показан'),
(120, '2015-05-29 01:30:53', '127.0.0.1', 'Новая задача'),
(121, '2015-05-29 01:30:53', '127.0.0.1', 'Список показан'),
(122, '2015-05-29 01:30:53', '127.0.0.1', 'Новая задача'),
(123, '2015-05-29 01:30:53', '127.0.0.1', 'Список показан'),
(124, '2015-05-29 01:30:53', '127.0.0.1', 'Новая задача'),
(125, '2015-05-29 01:30:53', '127.0.0.1', 'Список показан'),
(126, '2015-05-29 01:30:54', '127.0.0.1', 'Новая задача'),
(127, '2015-05-29 01:30:54', '127.0.0.1', 'Список показан'),
(128, '2015-05-29 01:54:13', '127.0.0.1', 'Список показан'),
(129, '2015-05-29 02:01:50', '127.0.0.1', 'Список показан'),
(130, '2015-05-29 02:01:50', '127.0.0.1', 'Список показан'),
(131, '2015-05-29 02:01:51', '127.0.0.1', 'Список показан'),
(132, '2015-05-29 02:01:51', '127.0.0.1', 'Список показан'),
(133, '2015-05-29 02:01:52', '127.0.0.1', 'Список показан'),
(134, '2015-05-29 02:01:53', '127.0.0.1', 'Список показан'),
(135, '2015-05-29 02:01:54', '127.0.0.1', 'Список показан'),
(136, '2015-05-29 02:01:54', '127.0.0.1', 'Список показан'),
(137, '2015-05-29 02:01:55', '127.0.0.1', 'Список показан'),
(138, '2015-05-29 02:01:56', '127.0.0.1', 'Список показан');

-- --------------------------------------------------------

--
-- Структура таблицы `gallery_photo`
--

CREATE TABLE IF NOT EXISTS `gallery_photo` (
  `id` int(11) NOT NULL AUTO_INCREMENT,
  `name` varchar(32) COLLATE utf8mb4_unicode_ci NOT NULL,
  `type` varchar(4) COLLATE utf8mb4_unicode_ci NOT NULL,
  `popul` int(11) NOT NULL DEFAULT '0',
  `time` varchar(100) COLLATE utf8mb4_unicode_ci NOT NULL DEFAULT '0',
  PRIMARY KEY (`id`)
) ENGINE=InnoDB  DEFAULT CHARSET=utf8mb4 COLLATE=utf8mb4_unicode_ci AUTO_INCREMENT=73 ;

--
-- Дамп данных таблицы `gallery_photo`
--

INSERT INTO `gallery_photo` (`id`, `name`, `type`, `popul`, `time`) VALUES
(28, 'dfc8714af8e599a55b10a83f32fcd9ac', 'jpeg', 50, '2014 Aug 19 Tue 06-23-07-0.556266'),
(29, '07341027c047a7ca93dd12071a4aaa4f', 'gif', 29, '2014 Aug 19 Tue 06-32-53-0.691870'),
(31, '7448fb566c373a01110819289f90c858', 'gif', 27, '2014 Aug 19 Tue 06-34-36-0.948192'),
(32, '9d7d4367515b72fa1c8a74c05d6cd624', 'png', 30, '2014 Aug 19 Tue 06-36-10-0.548968'),
(33, 'd64563a4b7604e4963d6dffc41f413e4', 'jpeg', 63, '2014 Aug 19 Tue 06-44-17-0.704260'),
(34, '70fd6faadc9a6ee5dc55fe2d54c7ef17', 'jpeg', 38, '2014 Aug 19 Tue 06-45-01-0.504195'),
(35, 'fbc8d559cec26c72b31a2431d1b50e56', 'jpeg', 16, '2014 Aug 24 Sun 03-06-40-0.038762'),
(36, 'a1040c906e0a31048bb564868da730d2', 'jpeg', 16, '2014 Aug 24 Sun 03-06-58-0.020490'),
(37, '743e7be77335a06315e1f9697539b72c', 'jpeg', 16, '2014 Aug 24 Sun 03-07-09-0.233166'),
(38, 'b41cc8348c87467fb362113d3ac8181e', 'jpeg', 16, '2014 Aug 24 Sun 03-08-14-0.768821'),
(39, 'caa21dde4ea5dda11d324e157e8dc756', 'jpeg', 17, '2014 Aug 24 Sun 03-08-43-0.584203'),
(40, '676646f51e6c30e56b806e9c72cf6a8e', 'jpeg', 16, '2014 Aug 24 Sun 03-08-50-0.553759'),
(41, 'd9cbecefae2940e451260a356c3330fa', 'jpeg', 16, '2014 Aug 24 Sun 03-09-01-0.384525'),
(42, '5d1aceb4c9ab73740728aa8959598635', 'jpeg', 16, '2014 Aug 24 Sun 03-09-21-0.541928'),
(43, '9360040dc49ad94e451b250bacf60546', 'jpeg', 16, '2014 Aug 24 Sun 03-09-48-0.720124'),
(44, '8b7d43eafd0d3aa2b52c575505cde411', 'jpeg', 16, '2014 Aug 24 Sun 03-10-00-0.257393'),
(45, '0e05a298cd7a027fd90e0ce9d2c1cf2b', 'jpeg', 16, '2014 Aug 24 Sun 03-10-20-0.732478'),
(46, '74cd7783df79da7dc631e93db833f38d', 'jpeg', 17, '2014 Aug 24 Sun 22-46-16-0.350714'),
(47, '546ef498dd5fa7547fa93231a8cd76a6', 'jpeg', 17, '2014 Aug 24 Sun 22-55-21-0.183765'),
(54, '3676a9884e7d507886dcbcda7c351cb0', 'jpeg', 17, '2014 Aug 25 Mon 01-51-39-0.124499'),
(55, '5f1ba0c1082ec007f230b33c28c6345c', 'jpeg', 18, '2014 Aug 25 Mon 02-25-39-0.768417'),
(56, 'a1a85398c05888c93c3f3dd6a34b0d20', 'jpeg', 17, '2014 Aug 25 Mon 02-25-51-0.719597'),
(57, 'e47703d4ae5da64b5972f33ad3d169bf', 'jpeg', 28, '2014 Aug 25 Mon 02-27-54-0.110178'),
(58, 'c149e47fa0986a428ebedd13cabde416', 'jpeg', 17, '2014 Aug 27 Wed 15-44-56-0.554947'),
(59, '3d77a039014ecfd3fd64cc1dbc1e8155', 'jpeg', 17, '2014 Aug 27 Wed 15-52-42-0.828455'),
(60, 'a6d35b2346616487bc98795b299f24c9', 'jpeg', 3, '2014 Aug 27 Wed 16-45-08-0.393140'),
(61, '984cde05793c44e12e544bf31ebfec4e', 'png', 1, '2015 May 30 Sat 05-45-54-0.288809'),
(62, 'fa8fefc56ec316d84dd8804ccc8f14d5', 'png', 1, '2015 May 30 Sat 05-47-50-0.408198'),
(63, '8f260fa042a99534a86b5b98b89ae397', 'png', 0, '2015 May 30 Sat 05-50-13-0.955147'),
(64, 'ee7d540713468af3937621edc730cb5e', 'png', 0, '2015 May 30 Sat 05-51-16-0.650009'),
(65, '9c40a6e5956790db0de0686c0d543931', 'png', 2, '2015 May 30 Sat 05-51-33-0.153891'),
(66, '15f1636c5d349d4fe64a3439e4dfef93', 'jpeg', 1, '2015 May 30 Sat 05-52-00-0.134322'),
(67, '49c9a5ff1ba01e767d1749ca290c7ad5', 'jpeg', 3, '2015 May 30 Sat 05-52-38-0.471162'),
(68, 'dea9999c1654f4de30737db2a662217e', 'jpeg', 0, '2015 May 30 Sat 05-55-15-0.406778'),
(69, 'f2eb8ca0e427b96985a0ff936b181e6d', 'jpeg', 3, '2015 May 30 Sat 05-55-40-0.086940'),
(70, 'a08707e5294ba9a2913dc4bc7b37489a', 'jpeg', 1, '2015 Jun 02 Tue 22-02-52-0.377704'),
(71, '4f04f277f6d9455b1e78381a56016b39', 'jpeg', 1, '2015 Jun 02 Tue 22-03-45-0.442868'),
(72, '9f8ab4175a930c5d49d952ecf2d8172a', 'jpeg', 0, '2015 Jun 03 Wed 15-09-53-0.939786');

/*!40101 SET CHARACTER_SET_CLIENT=@OLD_CHARACTER_SET_CLIENT */;
/*!40101 SET CHARACTER_SET_RESULTS=@OLD_CHARACTER_SET_RESULTS */;
/*!40101 SET COLLATION_CONNECTION=@OLD_COLLATION_CONNECTION */;
